Filter,Pool,OOS Prof%,Lift (pp),Pool %
No filter,44690.0,35.51375,0.0,100.0
IS PF > 1,18476.125,41.881249999999994,6.365,41.325
MC-ROI >= p50,18632.0,29.19625,-6.3187500000000005,41.675
MC-ROI >= p75,4784.875,42.9775,7.4625,10.7125
MC-ROI >= p90,1728.0,42.87500000000001,7.3625,3.875
MC-Sharpe >= p50,18421.75,29.061249999999998,-6.4525,41.2125
MC-Sharpe >= p75,4702.75,42.730000000000004,7.21625,10.525
MC-ROI p50 + PF>1,5768.0,41.09625,5.5825,12.900000000000002
MC-ROI p75 + PF>1,2399.5,41.198750000000004,5.685,5.375
