Filter,Pool,OOS Prof%,Lift (pp),Pool %
No filter,44690.0,34.47625,0.0,100.0
IS PF > 1,17689.5,40.93875,6.4625,39.5625
MC-ROI >= p50,18875.25,28.445,-6.032499999999999,42.25
MC-ROI >= p75,4845.5,41.39875,6.922499999999999,10.8375
MC-ROI >= p90,1766.75,41.732499999999995,7.25625,3.9624999999999995
MC-Sharpe >= p50,18684.625,28.345000000000002,-6.132499999999999,41.8
MC-Sharpe >= p75,4730.0,41.565,7.091249999999999,10.5875
MC-ROI p50 + PF>1,5469.75,39.85625,5.38,12.25
MC-ROI p75 + PF>1,2323.25,39.55499999999999,5.07875,5.199999999999999
