Filter,Pool,OOS Prof%,Lift (pp),Pool %
No filter,296470.0,40.77,0.0,100.0
IS PF > 1,132918.0,43.8975,3.1275,44.87499999999999
MC-ROI >= p50,124055.25,34.365,-6.407500000000001,41.849999999999994
MC-ROI >= p75,29335.25,48.47,7.699999999999999,9.9
MC-ROI >= p90,10552.0,48.6825,7.915,3.55
MC-Sharpe >= p50,123514.75,34.224999999999994,-6.5425,41.675
MC-Sharpe >= p75,29049.5,48.38250000000001,7.612499999999999,9.799999999999999
MC-ROI p50 + PF>1,37944.25,43.1675,2.4025000000000003,12.775
MC-ROI p75 + PF>1,15773.75,42.4825,1.7125,5.300000000000001
